x,y
1017,464
997,476
1005,468
1006,466
1001,471
1000,472
999,473
998,472
998,471
998,470
994,471
989,471
986,471
984,472
981,471
976,471
970,471
963,472
957,472
951,473
942,476
933,475
923,474
916,473
909,473
902,476
897,475
892,476
888,476
877,480
871,478
867,477
864,477
859,478
855,480
849,483
845,487
839,492
836,499
833,504
832,507
830,513
829,520
828,526
827,533
826,542
825,553
825,564
825,573
826,583
829,593
833,612
833,623
831,638
831,652
829,667
828,683
828,699
829,711
829,725
829,737
827,750
826,760
825,771
825,781
826,791
826,802
827,814
827,825
822,838
819,848
817,856
815,865
812,871
810,879
807,885
804,893
800,898
795,905
788,911
780,917
774,923
767,926
761,929
754,932
746,936
736,944
728,945
720,947
712,949
704,950
698,950
689,949
683,949
672,949
658,956
657,947
649,945
640,944
631,942
622,939
615,941
608,937
602,935
591,929
583,926
574,924
565,924
558,922
550,920
545,921
540,921
534,924
530,926
527,926
523,923
521,921
523,926
519,926
522,925
527,926
530,926
533,926
537,925
546,921
552,921
561,922
567,923
572,924
584,927
590,930
593,934
600,938
608,940
611,939
621,942
631,942
642,942
655,942
664,944
673,946
682,947
690,948
696,948
702,948
707,947
712,945
719,943
728,940
737,940
747,938
754,935
761,933
767,928
773,922
779,912
787,901
791,895
795,886
800,879
804,871
808,860
813,851
816,841
819,832
822,822
823,810
824,798
826,787
828,777
830,764
831,751
832,731
832,720
832,707
833,696
833,685
834,675
834,664
834,653
832,640
833,630
833,623
833,615
833,608
832,601
832,594
830,586
829,579
827,573
825,566
822,559
819,554
816,548
809,542
797,530
791,520
786,513
780,509
773,504
767,502
761,500
755,497
748,496
741,494
734,492
727,490
717,488
708,488
700,490
694,492
687,492
680,493
674,494
669,495
664,495
658,495
652,495
646,492
635,486
631,485
628,485
625,485
624,485
625,488
626,486
628,484
630,483
634,481
638,484
643,485
649,486
657,488
663,488
668,488
673,487
681,486
687,484
697,482
704,481
711,479
719,478
732,477
743,477
754,478
762,477
770,476
779,475
790,473
801,472
810,472
817,473
823,474
830,474
837,474
845,473
857,471
872,469
880,469
881,470
885,472
891,472
898,471
907,470
917,469
927,468
934,469
941,470
947,470
953,471
957,471
963,471
969,470
978,467
981,467
985,468
989,473
990,474
991,475
997,476
1002,475
1021,462
1025,463
1014,470
1004,473
1003,476
1002,478
994,483
1031,468
1019,477
1017,478
1015,478
1020,473
1002,484
1002,479
1000,476
999,474
996,474
995,473
995,471
996,469
995,464
988,471
987,470
984,470
980,470
975,469
971,469
965,469
959,470
952,473
947,473
941,473
932,474
925,474
918,473
911,471
906,470
902,469
896,469
895,469
891,469
885,471
879,472
872,472
866,471
864,474
858,474
851,476
846,477
842,479
835,482
829,484
823,485
816,486
809,485
802,485
796,484
789,484
782,484
774,485
767,486
757,487
751,487
744,485
736,483
725,479
715,479
706,483
696,485
690,486
684,488
678,489
673,488
668,489
662,490
656,490
651,490
645,489
638,490
629,482
627,479
623,480
621,481
624,487
625,488
627,487
631,486
633,484
639,484
642,480
646,479
647,477
651,477
658,479
666,482
672,483
678,484
684,484
690,484
695,484
702,482
709,481
715,481
724,479
732,479
739,481
745,483
751,485
758,488
765,489
772,490
779,491
785,493
791,496
796,500
803,506
808,510
812,516
815,522
819,528
821,532
825,537
827,542
828,548
829,554
831,562
833,571
835,580
836,590
838,599
840,607
841,617
842,627
842,637
841,649
840,661
839,669
837,678
835,687
834,695
833,705
830,718
828,731
826,740
824,750
823,760
821,770
819,779
818,788
816,798
814,807
809,818
803,833
800,842
799,849
798,856
797,865
796,872
793,881
791,888
788,894
784,899
779,904
774,911
770,917
766,923
761,929
756,933
749,937
741,940
735,942
728,944
718,945
713,947
706,949
697,949
690,948
681,947
663,954
661,946
654,946
646,944
638,944
630,943
624,941
616,936
609,935
601,932
590,929
581,928
571,925
562,924
553,923
546,921
540,923
533,928
531,929
527,931
526,930
524,930
526,929
527,927
533,925
537,926
542,925
550,922
556,921
563,923
569,926
579,927
585,930
592,932
596,933
606,936
614,938
623,940
633,941
641,943
653,942
661,941
669,941
678,941
686,941
693,943
700,943
705,943
714,942
721,939
730,936
738,933
746,929
755,925
763,923
770,920
777,916
786,906
791,897
795,891
798,883
801,875
804,867
808,857
811,847
814,839
816,831
818,820
820,808
821,798
820,788
822,776
822,766
821,749
822,737
823,725
823,714
822,701
821,690
821,682
821,672
822,661
822,650
822,641
820,633
821,624
821,617
820,609
820,601
820,593
820,584
821,575
820,568
820,560
820,553
819,546
819,539
820,532
822,525
824,519
827,511
828,505
830,503
832,499
835,493
839,489
843,486
847,484
850,480
857,479
858,475
860,473
865,472
871,471
881,474
886,471
882,469
886,467
892,466
899,465
905,464
912,463
919,463
926,463
931,464
936,464
942,466
948,466
955,465
966,462
973,461
975,462
976,462
988,452
981,459
983,459
988,456
988,457
987,456
985,460
983,461
983,460
985,456
983,457
980,457
975,459
972,460
967,462
963,463
961,463
959,463
953,465
946,468
939,468
937,466
932,467
924,469
915,471
907,473
900,473
895,473
890,473
886,475
886,475
880,474
874,471
867,469
865,466
858,468
856,468
850,472
846,475
974,401
975,399
819,481
812,481
804,480
798,479
791,480
783,480
776,482
768,484
759,485
752,486
745,485
738,483
728,481
719,482
710,484
700,485
694,487
687,487
680,487
675,485
669,485
662,486
656,486
650,486
645,486
640,487
633,491
631,489
627,485
623,483
617,481
617,481
621,485
625,487
629,488
632,487
638,489
645,490
639,479
644,480
649,479
653,477
658,475
667,475
673,477
678,479
683,480
689,480
696,479
702,479
709,477
717,475
729,474
739,475
746,477
753,480
760,483
767,485
776,487
784,489
791,492
798,497
805,502
813,509
817,515
820,523
823,530
825,536
828,542
831,549
833,557
835,566
836,577
839,588
840,602
840,615
842,629
841,642
843,657
843,672
843,681
843,691
843,702
843,714
842,727
843,737
842,747
840,756
838,769
837,778
835,786
834,795
832,806
830,817
827,830
825,844
822,855
819,864
814,873
811,882
807,889
804,893
800,900
796,907
790,915
781,922
775,924
768,927
762,928
755,930
745,933
735,934
726,936
717,938
707,940
698,939
688,940
677,941
665,940
656,940
649,939
641,938
633,937
625,938
617,936
604,930
598,927
591,925
585,924
578,919
570,916
559,915
553,913
546,913
541,914
536,918
531,919
525,922
522,920
520,916
520,916
523,920
521,920
528,920
531,919
534,921
539,920
546,919
552,917
559,918
569,919
575,921
583,924
589,928
595,930
600,934
608,937
614,936
621,938
631,939
641,939
653,937
662,937
670,938
678,939
687,941
694,941
701,942
708,940
715,937
720,934
728,931
735,928
741,928
752,923
759,921
765,916
775,905
779,899
782,890
787,881
791,871
795,863
798,853
803,844
807,835
810,826
814,815
817,803
820,792
822,778
823,768
824,754
824,738
825,726
826,715
827,703
828,692
827,682
828,672
828,661
827,647
827,638
826,629
826,622
825,615
825,608
824,600
823,593
822,585
821,578
819,570
816,563
815,557
810,550
807,543
804,536
796,527
793,520
789,511
785,504
780,499
775,496
771,495
767,494
763,493
759,491
755,489
750,487
746,485
741,483
735,482
727,481
720,482
712,483
706,484
700,486
695,487
689,488
681,489
675,490
669,491
663,491
658,489
653,486
649,485
638,476
633,478
636,486
634,485
633,482
634,480
636,478
639,477
643,474
647,477
653,478
662,480
668,481
674,482
679,482
686,482
694,481
701,479
708,477
716,476
729,475
741,475
752,476
759,475
767,474
776,474
788,471
797,471
806,472
813,474
821,474
827,476
833,478
841,476
852,474
864,472
879,473
876,474
882,474
887,474
894,474
903,473
912,471
920,471
928,471
935,471
941,471
947,471
953,469
961,465
966,466
968,469
972,469
977,469
981,468
985,470
986,471
988,472
992,468
995,467
995,468
993,469
990,470
988,471
986,470
984,470
981,468
980,466
978,466
976,466
975,464
973,464
967,465
960,466
954,466
949,465
946,465
941,465
933,469
926,468
926,462
916,461
909,458
900,463
893,466
890,466
888,465
883,466
878,464
872,464
866,467
970,296
970,298
973,294
973,295
850,480
969,404
968,404
842,498
841,505
839,514
838,521
838,526
838,533
837,540
837,548
837,558
837,568
837,579
838,590
840,603
841,616
842,627
841,639
841,652
840,666
839,677
837,687
837,697
836,708
835,720
832,734
830,744
829,753
828,763
827,772
828,782
827,790
826,800
825,810
821,819
818,832
816,843
815,852
813,862
811,870
812,879
811,889
807,894
804,899
801,903
797,910
790,918
783,924
775,929
768,935
763,939
757,940
749,944
741,945
734,947
727,949
718,951
710,952
701,952
691,949
684,949
674,948
662,947
653,944
645,943
637,940
629,939
622,936
611,931
601,930
592,929
582,927
573,926
567,923
557,919
551,920
632,867
630,867
628,868
527,931
530,931
530,931
530,930
539,929
542,931
544,930
550,927
557,925
562,924
567,923
577,925
586,929
592,931
599,932
607,931
617,932
629,930
640,930
646,935
655,938
668,937
675,939
682,940
689,941
694,943
700,944
707,944
715,943
722,940
732,937
741,934
751,933
759,931
767,927
780,916
785,911
789,905
794,902
798,894
802,886
806,878
808,868
811,859
811,850
813,841
817,833
817,824
817,813
817,798
817,787
817,775
816,764
815,750
814,735
815,722
814,708
814,694
815,683
815,670
814,653
813,641
812,633
810,624
808,615
808,607
808,599
808,591
810,582
809,574
809,567
809,560
806,554
806,547
807,542
808,535
811,525
816,514
823,498
821,508
823,506
824,503
827,498
831,494
833,490
837,487
844,485
848,482
850,477
853,478
858,478
900,438
875,478
881,476
886,473
882,470
888,468
892,466
900,465
907,464
914,464
921,464
926,465
932,465
938,466
944,467
951,467
961,465
968,467
975,466
979,465
981,466
983,467
983,468
987,466
987,467
989,465
990,464
990,462
988,461
986,461
983,460
977,462
974,462
973,461
968,461
964,462
960,464
954,465
947,466
941,468
938,468
933,467
927,468
920,471
911,473
907,472
901,472
894,473
888,475
886,474
886,472
880,470
872,466
866,465
859,468
853,470
848,472
838,477
832,479
825,479
816,478
806,478
799,478
792,478
784,479
776,481
768,484
759,486
752,486
745,484
737,483
728,483
719,484
710,485
700,488
694,489
686,490
678,489
672,489
666,490
659,490
653,490
647,490
642,491
636,494
632,496
628,495
625,489
622,487
616,483
617,485
618,485
621,488
626,491
631,493
634,496
638,497
642,495
649,495
654,496
659,494
661,487
666,481
671,477
676,478
680,478
685,480
692,483
697,485
702,487
708,487
715,488
726,485
734,482
741,481
748,481
753,482
760,484
766,488
772,490
780,494
787,497
795,499
804,503
812,508
818,512
822,516
826,521
829,526
831,530
833,537
834,545
835,553
837,559
839,567
841,575
843,585
844,595
845,606
844,619
842,634
839,647
839,659
840,668
841,678
841,688
840,699
840,710
838,725
835,734
833,743
832,753
829,763
826,774
823,783
820,793
817,801
812,811
809,822
805,835
803,845
803,856
802,865
802,873
801,883
800,888
799,894
797,901
794,907
788,913
785,920
779,925
774,930
769,933
762,935
754,937
746,938
738,939
729,941
717,941
708,941
699,941
688,942
678,943
665,943
657,943
649,941
641,941
632,941
624,939
614,934
602,931
594,925
585,920
577,917
571,915
563,913
556,908
550,910
543,913
534,913
519,918
514,920
511,918
513,914
513,912
516,912
524,912
524,911
532,912
533,911
536,913
542,911
547,911
554,911
562,912
573,915
579,917
584,920
590,924
594,927
605,931
612,932
617,932
626,936
635,936
647,935
656,936
666,935
673,935
681,938
691,939
699,939
706,940
713,938
721,935
728,932
735,927
745,921
753,916
759,912
766,908
773,900
780,884
783,875
787,865
789,856
792,847
795,839
799,828
802,818
804,807
806,796
808,776
809,764
808,749
808,735
808,724
810,711
810,699
810,688
811,677
811,663
812,651
812,641
811,630
810,622
810,612
810,602
809,594
808,586
807,579
805,573
805,566
803,559
801,551
799,545
796,539
792,533
786,527
783,521
779,515
774,509
769,505
765,501
761,497
756,494
751,491
747,490
742,489
738,488
733,486
725,485
718,483
710,482
702,482
696,485
691,487
685,487
680,488
676,488
673,489
669,489
664,488
660,485
652,479
650,480
649,480
650,482
652,484
655,484
659,482
665,479
670,478
674,475
678,473
682,472
687,475
692,477
699,478
704,478
711,478
719,473
735,468
747,469
755,469
761,470
769,471
776,471
785,472
794,471
803,471
810,473
817,473
824,473
830,475
837,475
845,475
854,475
862,473
876,472
878,471
884,470
890,470
894,471
898,472
905,472
910,472
917,472
928,472
934,469
939,469
944,469
949,469
953,469
958,471
960,470
967,471
975,467
979,467
981,466
983,466
984,465
987,468
989,468
991,467
992,466
991,464
990,460
990,459
992,460
990,467
985,471
982,473
979,472
976,472
971,472
966,473
960,474
954,474
948,474
945,472
941,470
936,468
932,468
928,466
923,467
912,469
904,471
896,473
889,474
885,472
885,470
878,470
873,470
867,468
851,473
845,476
840,476
832,477
825,477
820,476
815,476
805,480
794,483
785,485
776,486
768,484
759,482
750,482
744,481
737,481
730,481
723,482
715,484
706,486
697,487
690,487
682,488
674,488
667,485
660,484
653,481
646,478
636,472
632,472
629,473
627,472
629,481
630,482
631,482
631,479
633,476
638,471
644,471
648,471
652,469
657,466
661,465
665,468
671,469
674,470
678,472
682,474
686,477
690,479
693,480
697,482
700,481
705,480
709,477
713,477
716,477
719,478
723,477
726,478
731,479
734,481
738,481
742,481
746,480
751,478
754,477
758,475
762,475
765,475
768,477
772,479
775,480
778,482
782,483
786,483
790,484
795,485
800,483
802,485
804,488
807,490
809,493
810,496
812,499
814,501
815,504
817,506
818,508
821,509
824,510
825,511
827,513
829,514
830,517
832,519
834,521
836,523
837,527
838,530
840,533
841,535
842,537
843,540
843,543
843,547
841,551
840,556
838,561
837,566
836,571
835,575
835,578
834,583
835,586
835,591
836,595
838,600
839,605
840,611
840,617
838,625
840,632
839,639
835,646
833,652
832,657
833,661
833,667
831,672
830,679
829,685
828,691
829,698
827,705
826,712
826,718
826,723
825,725
826,730
827,736
828,741
829,747
829,752
831,759
833,766
834,772
834,777
833,782
828,785
829,792
831,798
825,800
824,807
826,814
827,820
826,825
824,831
821,836
819,842
816,847
813,851
809,857
808,860
804,860
803,864
803,868
802,874
806,886
807,892
807,899
807,903
805,906
804,907
802,912
801,915
799,919
797,924
793,927
790,930
786,933
782,936
778,938
773,941
768,942
763,943
758,943
753,943
747,943
741,943
734,942
727,943
722,947
714,949
708,951
702,951
696,951
691,950
686,949
679,949
674,949
669,949
665,948
661,947
655,946
645,952
639,951
638,946
633,946
627,946
621,943
615,941
612,939
608,939
604,936
598,933
593,931
588,929
582,928
574,927
568,924
561,921
555,920
550,921
544,923
540,925
535,928
523,936
526,931
525,928
569,892
521,921
522,920
524,923
525,928
523,929
527,929
530,928
533,926
536,927
540,928
544,926
550,925
557,925
563,926
570,926
579,927
585,928
590,932
594,934
597,937
605,940
613,942
615,940
623,943
631,943
640,942
651,941
659,943
666,945
674,947
680,948
685,948
691,947
698,945
702,945
707,944
713,943
719,942
727,941
733,941
739,939
744,937
749,935
754,932
759,928
765,923
771,917
777,910
782,905
786,901
790,898
794,894
797,890
800,885
803,881
806,876
809,870
811,863
813,856
815,850
817,844
819,840
821,835
823,830
823,824
823,818
824,812
824,807
824,802
823,795
822,787
822,781
822,773
823,766
824,759
825,752
826,744
827,737
827,729
827,723
827,716
826,711
826,705
826,700
826,695
826,689
827,683
826,676
826,668
824,662
822,657
820,651
819,646
819,641
819,637
818,634
818,629
819,623
820,616
821,609
822,604
823,599
824,594
824,589
824,584
823,580
823,578
823,574
823,570
823,566
822,563
821,558
820,554
819,548
818,543
815,538
813,534
810,529
808,524
803,519
801,513
800,488
798,485
794,482
789,500
785,496
781,493
778,488
775,485
771,482
768,481
765,481
762,482
759,482
755,482
752,482
748,480
743,480
739,477
734,475
728,473
721,473
714,475
710,478
705,480
700,481
696,482
692,483
688,483
683,483
679,484
675,484
669,481
664,479
659,479
653,474
650,472
649,475
647,473
643,473
639,474
637,472
637,474
637,470
639,470
642,470
646,470
650,468
655,467
659,469
662,471
669,473
673,475
679,477
683,478
688,479
693,479
698,479
704,476
711,476
718,474
724,475
730,474
734,474
739,475
744,475
750,476
756,476
762,475
769,474
776,475
781,475
786,475
791,475
796,476
804,477
809,478
813,478
817,478
821,475
829,467
831,467
833,467
835,468
838,469
841,470
846,471
851,472
855,472
858,474
862,475
872,476
879,479
885,476
889,474
893,474
895,473
894,474
895,475
896,475
900,476
903,477
909,475
914,473
917,473
922,472
929,468
932,469
934,471
937,471
938,471
941,471
945,472
949,473
953,473
956,473
962,474
969,473
971,472
972,471
973,469
975,463
976,458
975,458
975,459
976,458
975,458
973,459
972,458
971,456
972,455
974,454
978,454
977,454
975,454
974,452
972,455
972,457
972,459
971,459
970,459
962,465
960,466
956,467
953,468
950,469
947,470
944,471
939,471
936,470
934,468
931,466
928,465
925,463
924,461
921,461
917,462
913,463
909,462
905,462
902,462
897,464
895,463
893,462
891,461
888,460
885,461
882,462
877,464
873,465
871,466
866,468
863,469
859,469
856,468
854,467
852,466
849,464
846,464
842,465
844,467
841,467
838,469
835,471
832,473
830,476
828,479
826,481
825,483
824,486
824,487
824,490
824,493
825,495
825,499
825,502
825,506
824,510
824,516
823,520
823,522
824,525
824,527
825,529
825,532
825,536
824,540
823,545
823,548
822,552
821,558
820,562
819,568
819,573
818,578
819,581
819,586
820,591
822,597
823,604
824,611
825,617
825,624
825,631
824,640
822,647
821,654
821,661
821,667
821,673
819,680
819,686
818,693
818,698
818,705
818,712
819,719
818,725
819,732
820,738
820,744
821,751
822,757
825,764
827,771
828,777
829,782
828,786
825,789
827,798
830,805
829,809
827,814
823,817
827,825
825,829
822,836
821,842
818,848
815,853
812,860
811,864
807,863
806,869
808,883
807,890
807,897
806,903
804,907
802,910
798,916
794,920
791,924
787,927
783,932
779,934
776,937
771,939
766,943
760,946
755,946
750,947
745,948
739,947
732,947
726,947
720,947
715,949
708,952
703,953
697,954
692,954
688,954
683,954
676,952
671,952
667,952
663,951
659,949
654,949
649,947
640,951
634,951
633,948
628,947
624,944
619,943
614,942
610,940
606,937
601,936
596,934
590,933
585,931
580,930
574,929
568,927
562,923
557,921
553,922
550,923
547,926
540,929
537,928
535,929
533,927
533,926
532,927
532,928
531,931
531,934
533,933
534,933
536,933
539,933
541,933
542,934
545,934
548,933
552,931
560,930
566,929
570,929
569,931
569,932
571,933
574,934
576,935
580,935
584,934
588,935
593,933
597,932
603,932
608,932
612,933
617,934
622,936
626,938
632,938
637,939
643,938
650,937
658,941
662,942
667,943
671,944
675,945
679,947
682,950
686,949
692,949
696,948
701,948
707,947
713,945
718,943
723,941
727,939
732,937
737,937
742,939
747,939
753,938
757,938
761,936
766,933
771,930
778,923
781,921
784,919
787,916
791,916
793,913
796,911
800,909
803,904
805,900
806,894
808,889
810,883
811,877
813,870
815,864
816,857
818,853
819,848
822,842
823,836
824,831
825,824
826,816
827,810
828,802
829,795
828,786
829,780
830,775
831,769
832,762
832,755
830,746
829,737
829,729
829,722
828,715
828,709
828,702
829,696
830,690
830,683
830,675
830,666
830,659
829,653
829,647
829,641
827,638
828,633
829,627
830,621
831,614
831,608
831,603
830,598
828,594
828,590
828,587
827,583
827,579
827,575
827,571
828,565
828,560
833,545
832,541
832,535
833,528
832,523
828,526
826,523
824,519
822,514
818,507
816,503
813,502
810,499
807,498
803,495
800,492
797,486
794,486
791,486
788,486
785,487
781,487
777,486
773,485
770,482
767,480
763,478
761,476
758,477
754,478
750,479
745,479
740,479
735,479
727,479
720,479
714,475
708,473
705,474
700,477
696,479
691,481
687,482
683,480
679,480
675,482
670,485
666,485
662,485
657,487
652,485
649,483
644,481
642,479
639,479
637,478
637,483
636,483
636,484
638,484
640,483
642,481
644,480
647,478
651,474
654,473
658,475
662,477
667,478
672,480
677,481
681,481
685,482
689,483
694,483
700,479
706,478
712,478
717,479
721,479
727,479
731,478
735,479
742,481
746,481
751,480
758,480
764,479
769,478
774,480
778,481
783,482
786,483
790,484
796,486
801,486
805,484
809,481
815,476
818,472
819,474
821,474
823,472
826,472
826,474
828,476
829,477
831,477
834,476
837,476
840,475
844,474
848,472
852,471
856,469
857,467
859,468
862,468
866,468
871,469
878,472
882,472
885,471
889,470
892,470
893,470
893,468
894,468
893,467
897,467
901,467
905,467
909,467
913,468
918,468
928,468
935,469
938,469
938,468
942,468
945,469
949,471
954,472
958,473
990,447
966,473
975,470
978,469
980,468
982,469
985,471
988,471
989,472
991,472
993,472
994,472
997,470
1000,466
1001,461
997,461
994,460
991,463
991,465
990,469
985,473
982,475
979,477
973,478
970,477
968,475
966,474
964,473
960,471
957,470
954,470
951,469
947,469
951,462
941,468
935,469
931,470
928,469
925,468
921,467
917,468
914,469
908,470
904,471
903,471
899,471
895,472
890,473
885,474
881,473
877,471
872,469
867,467
864,467
860,468
858,472
854,473
849,475
846,478
842,480
839,480
837,479
837,474
833,479
830,486
826,492
825,495
824,498
821,504
818,511
818,514
818,516
817,519
817,522
817,526
817,531
817,535
817,540
816,546
816,552
816,558
816,565
817,572
819,577
821,584
823,593
824,602
826,611
827,619
828,627
828,635
828,643
827,652
828,663
827,671
827,678
825,687
825,695
825,704
825,712
824,720
824,727
824,734
825,740
825,747
826,753
827,760
828,767
829,773
829,779
828,783
826,788
826,795
824,799
825,808
825,814
825,820
824,825
821,830
818,836
816,842
812,847
808,853
806,857
805,862
803,866
802,872
800,878
798,883
797,889
796,895
794,901
792,907
788,910
786,914
783,918
780,921
777,922
774,926
770,930
766,935
762,938
757,942
752,944
746,948
741,949
736,949
730,949
725,950
719,950
713,951
707,951
700,952
693,955
687,956
681,956
674,954
667,954
663,953
658,953
653,955
646,951
640,952
633,948
628,948
623,948
617,947
610,946
606,947
600,945
597,945
591,942
581,933
576,930
570,926
564,925
558,925
552,924
545,925
541,927
537,928
522,932
519,936
522,932
522,930
520,928
520,926
520,927
520,930
526,928
530,926
532,927
534,927
537,926
542,923
548,922
555,923
561,923
565,924
572,926
577,928
589,929
589,933
591,935
593,937
597,938
604,939
607,939
614,937
623,935
632,936
637,938
649,944
655,947
662,949
668,949
675,948
680,946
689,944
692,944
695,946
701,947
707,949
713,947
722,944
726,941
732,938
736,936
741,934
746,931
751,927
757,925
763,921
768,918
773,915
778,911
782,908
785,903
789,899
791,893
793,887
795,882
799,876
802,868
804,859
806,853
809,848
811,843
813,836
814,829
815,823
815,817
816,811
816,804
816,797
816,788
816,779
817,770
817,760
818,752
819,744
819,734
818,725
818,718
818,712
819,705
819,698
820,692
821,685
822,678
822,669
821,662
821,655
821,649
820,645
820,640
821,635
822,630
825,622
828,614
829,610
830,604
831,598
831,593
831,587
831,582
831,576
831,570
830,566
829,561
827,557
826,551
825,545
822,539
820,533
816,528
812,522
805,515
801,512
797,510
792,507
788,503
784,499
779,494
774,490
769,488
765,487
761,485
756,485
752,484
747,484
742,483
736,483
728,479
719,476
713,476
706,478
699,481
694,483
689,485
684,485
679,486
675,486
671,488
666,489
661,489
656,488
652,486
645,482
640,481
636,480
632,479
628,478
624,476
622,476
621,475
619,475
617,474
617,474
617,473
617,470
619,468
624,475
625,472
626,469
628,469
630,469
633,470
636,471
640,473
645,476
651,478
655,479
660,480
665,480
671,479
675,478
679,478
683,478
688,479
693,480
700,481
705,481
713,480
719,479
727,479
732,478
738,478
743,478
748,479
754,479
760,479
765,479
772,477
781,471
787,470
793,472
799,472
808,473
813,473
818,474
821,475
826,476
828,475
832,475
835,473
839,472
846,472
851,473
854,473
859,474
864,476
875,478
881,477
885,476
888,474
885,471
890,469
894,469
899,469
904,469
910,469
914,470
919,470
928,472
933,471
938,468
942,468
947,468
951,470
956,471
959,470
965,470
970,468
978,465
980,464
982,464
985,466
985,470
987,471
989,473
993,473
997,473
999,473
1001,471
1003,470
1014,464
1013,466
1010,470
1007,472
1002,476
997,479
996,478
995,476
1000,473
1000,474
996,475
983,477
982,476
984,474
988,470
987,468
985,469
983,469
978,470
972,470
967,471
961,473
957,474
952,476
946,476
940,476
936,475
933,472
927,471
922,471
920,470
910,472
904,472
894,473
888,474
886,473
887,469
883,468
876,468
871,467
866,467
862,469
858,471
852,474
849,476
845,476
844,475
841,476
838,478
835,483
832,486
830,490
828,496
827,501
825,506
825,510
826,513
826,517
826,521
826,526
826,533
825,540
825,546
825,554
825,562
827,568
828,576
829,585
830,595
832,605
832,616
832,626
832,636
832,647
832,656
835,664
835,672
837,679
840,686
841,693
842,700
843,710
843,717
843,724
843,730
844,737
843,745
843,753
840,761
837,770
834,777
831,784
831,791
830,798
831,808
834,818
832,822
827,822
826,828
826,835
826,840
828,847
827,854
827,863
819,868
817,874
817,883
814,890
810,894
806,897
802,901
799,906
795,910
787,916
780,920
773,925
767,932
763,936
757,939
751,941
743,942
737,944
730,946
723,948
716,951
707,957
699,958
693,953
686,952
679,951
669,950
663,951
657,951
651,951
643,949
637,953
631,953
624,953
618,951
613,950
608,949
602,947
596,944
590,941
583,940
576,939
569,938
563,935
559,936
553,933
549,932
546,932
543,932
540,929
535,929
530,930
524,930
521,929
516,928
513,927
516,922
518,921
521,922
520,923
522,924
528,924
529,924
532,924
534,924
538,924
546,923
555,923
561,924
567,924
573,925
581,927
587,930
591,934
595,935
598,936
604,937
611,939
616,939
622,937
629,935
640,935
646,938
654,943
661,946
667,948
674,948
681,945
686,944
692,944
696,945
910,889
708,944
714,945
722,944
729,941
733,940
739,937
745,934
751,932
756,927
762,924
768,920
774,916
779,912
783,911
787,907
790,902
793,898
795,893
798,888
801,882
804,873
806,866
810,859
812,853
814,846
816,840
817,833
818,827
818,819
819,811
820,804
820,796
821,788
823,778
823,767
823,757
822,742
822,733
821,724
821,717
822,709
822,702
824,694
825,686
825,677
824,668
823,658
823,651
823,646
822,641
823,635
825,626
827,618
829,611
830,605
831,598
832,592
832,586
833,579
832,575
832,570
832,565
831,560
830,556
829,550
827,546
825,538
823,532
820,526
816,521
809,514
805,510
801,507
797,504
792,499
788,494
783,490
778,487
773,484
769,482
764,483
759,482
752,482
747,481
742,480
735,477
727,476
720,475
711,476
703,480
699,481
692,486
687,486
683,486
678,486
674,486
669,485
663,484
658,482
650,474
646,472
642,472
638,471
635,470
634,470
634,469
635,470
638,471
641,471
644,471
647,471
650,473
653,474
659,477
664,479
670,480
676,480
681,480
685,479
690,478
697,477
703,476
708,475
717,474
724,474
731,475
740,477
747,477
754,477
762,475
769,474
777,474
784,474
790,474
797,474
808,476
814,476
817,479
822,478
827,478
833,479
840,480
847,479
854,479
861,482
872,483
879,487
885,483
890,481
891,480
893,479
895,479
899,478
904,479
908,479
913,477
915,478
921,477
925,474
937,467
940,468
939,467
941,467
946,468
950,469
955,470
959,471
964,471
968,472
971,472
976,470
982,468
985,468
988,467
996,472
1000,472
996,468
1003,462
1007,464
1006,467
1018,464
1020,461
1002,471
991,480
991,478
991,477
989,475
988,475
988,473
987,471
989,466
983,469
979,470
974,471
969,471
967,469
964,467
962,466
957,466
954,466
949,466
946,465
941,466
935,467
928,468
922,468
920,465
915,464
912,463
909,461
905,462
905,460
900,461
894,462
889,464
887,465
885,464
882,464
877,464
871,465
867,465
864,465
860,465
855,468
850,469
845,469
841,469
840,471
837,471
835,472
832,473
829,475
827,477
825,479
822,482
820,485
818,490
816,494
816,500
817,503
817,507
817,512
816,518
816,523
816,529
816,536
817,543
818,547
818,552
819,558
820,565
821,573
822,580
823,588
824,600
824,611
824,620
825,629
826,637
828,646
829,656
830,666
830,678
831,688
832,695
832,703
829,713
829,720
828,727
827,735
826,743
824,752
822,760
820,768
819,775
818,783
817,793
815,803
813,811
810,820
810,834
810,841
809,847
809,854
807,862
806,871
803,878
800,883
797,886
794,892
788,898
781,903
776,909
770,915
764,919
758,923
752,928
744,932
737,936
730,938
723,940
716,941
709,943
702,944
695,945
687,946
679,946
667,943
658,944
650,943
643,943
635,944
629,944
623,941
616,937
608,933
600,932
583,925
575,924
567,924
560,925
552,924
545,921
538,923
627,867
623,868
524,925
519,923
511,927
511,930
512,931
515,933
519,931
522,931
526,929
530,928
536,925
544,923
550,923
556,922
562,922
566,923
571,924
578,926
582,931
582,932
586,932
591,933
607,931
615,931
617,932
623,934
632,936
642,939
651,941
660,939
666,939
673,939
680,938
690,937
697,938
703,940
708,941
713,941
720,939
728,936
735,933
746,927
752,926
761,925
768,923
773,921
780,917
784,915
789,912
792,904
796,901
800,899
804,893
808,887
812,880
814,874
817,867
819,860
821,854
822,848
822,840
823,833
824,827
826,822
829,814
830,807
831,800
831,793
832,785
832,776
833,768
832,759
831,751
831,741
831,733
830,725
829,718
828,709
828,703
828,697
827,691
826,683
826,670
827,661
828,653
829,641
827,633
827,627
826,621
827,616
828,611
828,605
829,597
829,591
829,583
829,577
828,571
826,568
825,562
824,557
823,553
820,548
817,541
815,533
812,522
808,504
803,506
799,503
794,502
790,501
785,498
780,495
775,492
770,490
766,487
762,484
757,483
752,482
751,481
746,480
740,481
733,481
725,481
717,482
711,481
703,485
697,485
690,485
683,486
678,484
672,484
667,485
661,486
655,487
650,487
645,488
638,489
632,491
627,490
625,489
623,488
622,487
617,486
615,485
617,486
618,485
622,487
625,488
629,491
633,492
638,492
642,492
646,489
645,482
648,479
652,475
656,475
664,475
670,478
676,479
681,480
686,480
691,481
697,480
704,479
710,477
719,476
726,476
733,476
739,476
744,477
751,478
757,477
764,476
772,475
779,475
786,474
792,475
801,475
809,477
815,477
820,477
823,476
826,476
830,476
835,480
843,479
852,477
858,477
864,477
879,478
884,476
889,474
882,473
886,472
896,473
900,473
905,475
909,475
911,472
917,471
926,472
931,471
936,469
940,470
944,471
949,472
955,474
960,475
964,476
968,475
1002,450
1004,451
1008,452
989,473
992,473
995,472
998,471
1000,472
1004,471
1010,466
1014,462
1019,457
1018,457
1020,458
1012,467
1018,465
1024,460
1025,461
1025,460
1025,459
1028,457
1027,457
1022,460
1016,463
1012,465
1009,467
1006,468
1004,469
1001,472
998,475
995,475
992,476
988,478
985,479
983,479
982,479
981,478
981,475
980,473
977,472
974,472
970,471
964,469
966,464
958,468
951,469
945,470
940,470
936,469
932,468
927,467
923,466
916,467
909,468
902,469
894,470
889,469
887,467
886,464
886,462
882,462
876,462
869,462
866,462
862,464
858,468
858,468
855,467
857,459
853,463
846,474
844,478
842,482
839,487
837,493
834,498
832,505
833,507
832,512
831,517
831,522
830,528
829,533
829,540
827,554
827,562
828,567
829,574
831,582
833,594
834,604
834,614
833,627
831,638
829,649
828,660
827,667
825,675
824,683
824,692
823,701
822,711
822,720
823,734
823,742
824,750
827,760
828,770
828,778
828,785
829,795
829,803
827,812
826,821
822,828
819,840
816,847
813,854
811,861
807,869
806,876
804,885
802,893
800,900
796,907
792,916
785,923
780,926
776,928
772,933
767,936
762,938
756,941
750,944
743,946
736,947
729,947
722,948
714,947
706,946
697,945
689,945
681,945
670,944
662,945
654,944
647,943
638,942
631,940
625,940
618,937
610,934
594,925
587,922
580,920
574,918
567,916
561,911
549,907
542,910
536,913
526,919
522,922
518,923
516,925
520,921
518,920
517,916
519,916
517,919
517,920
518,919
522,918
526,918
530,919
533,918
539,916
547,914
556,914
560,915
564,915
568,917
572,918
571,919
578,922
583,925
588,927
594,927
600,927
607,926
615,926
622,927
631,927
637,930
644,934
653,936
661,936
668,935
675,933
682,933
688,934
696,935
703,937
709,938
716,937
722,935
730,933
734,932
742,928
748,924
755,921
761,918
767,917
774,914
780,910
784,908
788,904
792,900
796,897
799,892
802,887
806,882
809,876
811,870
813,863
816,857
818,851
819,844
820,837
821,830
822,824
824,816
826,808
828,800
829,792
829,784
830,775
830,767
830,757
828,743
828,735
828,727
828,719
826,711
826,703
826,696
825,689
824,681
822,672
821,662
821,653
822,644
822,635
822,626
822,619
822,613
822,608
823,601
823,595
822,589
822,583
822,576
822,571
820,565
819,560
817,555
816,551
813,547
810,541
806,535
801,526
798,519
795,511
792,500
788,500
784,497
779,496
775,495
771,494
767,492
763,491
759,489
754,486
750,481
745,481
739,480
732,480
725,481
718,482
712,483
704,486
700,487
695,487
690,488
684,488
679,488
674,487
669,487
664,487
660,486
650,476
646,475
642,475
639,476
639,481
637,480
638,479
637,475
640,475
644,476
648,474
653,474
657,475
662,477
666,477
672,480
676,481
681,482
686,483
690,483
695,482
701,481
709,479
715,479
720,478
727,478
732,479
737,479
742,480
747,480
753,480
759,478
767,478
773,478
779,478
784,478
789,479
794,477
803,478
809,477
815,476
824,468
822,475
825,475
830,475
835,475
842,475
847,476
852,476
856,477
861,478
872,483
878,482
883,479
888,477
893,474
896,474
893,474
895,475
897,476
901,477
905,476
910,474
914,473
918,471
922,471
926,471
930,470
934,469
939,470
942,470
947,470
951,470
957,473
962,473
967,474
972,473
978,471
981,470
986,471
990,472
993,470
996,470
999,469
1001,468
1008,464
1010,462
1010,464
1016,463
1018,465
1026,458
1026,459
1026,458
1025,458
1021,460
1017,462
1015,463
1011,465
1004,467
997,473
994,476
989,479
983,481
983,480
982,480
979,481
980,480
980,478
980,475
976,472
973,472
968,472
962,472
957,472
950,471
942,472
935,473
930,472
923,471
916,470
908,470
901,470
895,470
889,470
886,471
881,471
877,469
870,464
868,457
862,456
855,458
849,459
839,464
834,466
829,472
822,474
816,474
810,472
803,471
796,472
789,473
781,475
773,478
766,481
759,482
753,481
747,480
738,479
729,480
721,481
712,483
703,485
697,487
690,488
683,488
676,488
671,488
666,488
660,486
655,486
653,487
648,489
644,488
639,485
633,481
629,479
630,483
635,489
637,488
641,489
645,489
648,489
651,487
656,484
661,481
666,479
669,476
677,478
680,479
686,481
691,482
696,483
702,483
709,482
720,478
730,478
738,480
744,481
749,483
755,486
761,490
768,493
775,496
783,497
790,499
795,501
802,506
809,509
815,514
819,519
823,523
825,530
827,535
830,539
833,545
835,550
837,557
838,565
840,573
842,580
843,590
842,601
844,611
845,620
847,630
848,640
846,653
847,661
847,669
847,676
846,684
845,692
844,700
844,709
844,718
842,731
841,740
840,750
837,758
835,768
834,776
832,786
830,797
830,806
830,815
830,822
826,827
824,838
821,845
818,851
815,859
814,869
811,875
808,882
805,888
801,892
797,895
790,902
785,909
779,914
773,917
766,921
759,926
754,929
746,934
738,938
732,938
726,940
718,942
710,943
703,945
695,945
748,855
748,858
669,944
661,944
654,943
646,941
638,940
632,942
626,939
618,935
610,932
600,933
589,930
580,928
573,927
565,925
560,927
554,924
550,924
546,924
531,935
526,933
523,929
519,927
516,925
517,924
517,922
519,920
518,921
516,926
517,924
522,925
530,924
534,922
539,920
546,919
554,919
561,919
567,920
572,921
579,922
586,926
590,929
594,931
600,932
606,933
612,932
620,932
630,931
644,932
652,936
660,940
667,942
674,943
682,942
690,941
696,941
701,941
707,940
714,940
721,939
729,939
734,938
742,933
749,929
754,925
760,921
766,916
771,910
780,902
785,897
788,891
792,885
795,881
798,874
800,865
802,855
805,847
808,841
811,835
812,828
813,820
814,812
815,806
815,799
815,789
816,778
816,768
816,757
816,742
816,731
815,719
814,710
814,703
813,694
812,686
812,676
812,667
809,654
807,641
807,634
806,627
806,620
805,610
807,599
808,592
809,585
809,578
810,571
810,565
811,560
811,555
811,548
811,542
812,536
813,532
815,523
815,516
818,512
820,507
822,503
825,497
828,491
832,488
837,486
833,482
838,482
841,483
847,480
852,480
858,478
866,480
876,481
881,478
886,476
883,472
888,469
894,469
900,469
907,469
912,468
918,468
924,467
931,465
937,465
944,465
950,468
955,468
961,470
965,472
969,473
974,474
981,476
993,472
999,473
1003,472
1010,470
1016,468
1016,465
1014,466
1014,468
1018,468
1019,468
1020,468
1008,477
1020,468
1021,467
1019,466
1020,465
1020,464
1019,463
1018,462
1010,468
1006,469
1004,469
999,472
1003,471
1004,470
994,471
995,471
992,471
989,472
985,473
983,474
978,474
977,474
972,476
966,477
960,478
956,478
954,476
951,474
947,473
942,473
938,471
932,471
924,471
916,472
907,475
900,474
894,472
890,471
888,472
885,472
887,469
883,469
877,469
871,469
864,470
847,477
854,469
845,470
844,472
840,474
840,476
836,479
833,482
830,489
827,496
826,500
826,507
827,511
828,516
828,521
828,528
828,536
828,544
828,553
829,562
831,569
833,583
833,591
835,601
837,614
837,626
835,638
834,651
834,667
835,677
836,687
838,698
838,709
837,721
838,729
835,741
834,750
834,758
833,767
831,776
830,785
828,795
826,801
823,808
820,815
817,826
815,836
812,845
810,854
808,861
806,866
804,872
802,878
800,888
797,893
793,899
806,910
803,917
799,921
795,925
791,930
789,932
786,934
781,936
745,939
736,942
721,947
717,947
706,952
699,952
693,951
684,951
675,951
665,951
657,950
650,949
642,948
633,946
624,944
618,942
611,942
604,939
598,936
587,928
578,923
570,922
563,922
555,921
547,919
542,921
530,930
619,869
527,927
524,925
530,922
531,921
534,920
538,921
544,919
550,918
555,917
564,918
569,919
575,920
582,922
589,924
594,925
596,927
601,928
607,929
613,929
620,928
634,925
642,929
649,933
656,936
664,939
670,940
677,938
688,936
694,936
699,936
705,937
713,936
719,936
728,936
734,933
743,927
748,924
753,920
759,915
765,913
772,902
778,896
785,884
789,878
792,872
796,865
799,857
803,847
806,841
810,834
812,826
814,819
815,811
816,803
818,794
820,786
821,778
822,769
821,744
823,734
824,724
822,712
823,698
823,691
822,683
822,673
823,661
820,647
819,638
818,630
817,622
815,615
815,607
814,599
815,592
816,584
817,575
818,566
819,559
819,553
817,548
816,543
817,537
818,533
818,525
820,520
823,510
824,501
826,495
829,492
832,488
836,485
841,484
830,485
842,483
850,479
859,477
870,476
877,475
879,473
879,471
883,470
889,469
897,467
905,464
912,464
919,465
924,466
930,465
935,465
941,465
953,460
954,465
959,465
964,467
968,468
971,469
976,470
980,472
983,475
985,475
995,473
1000,471
1012,463
1014,462
1017,462
1010,469
1008,471
1005,472
1002,473
1001,473
1003,469
1000,471
999,472
996,472
991,471
987,473
986,472
985,471
985,469
980,470
977,471
974,470
971,468
966,468
961,468
956,469
951,470
945,471
941,471
933,472
925,472
920,471
915,470
910,470
906,468
899,469
892,470
886,471
887,471
882,471
877,470
871,468
866,466
863,466
859,467
856,472
851,476
846,480
838,486
836,487
834,489
832,493
830,499
827,505
825,510
823,517
822,524
820,532
819,540
820,546
821,552
821,558
822,565
823,574
824,584
826,599
826,613
826,628
826,639
826,653
825,667
823,690
825,702
827,711
828,725
829,738
829,751
828,763
827,773
827,785
826,793
825,801
825,809
824,818
823,826
820,836
818,845
814,852
808,855
805,862
802,871
800,882
795,891
791,901
787,911
782,919
776,925
769,930
764,934
760,937
755,939
749,943
741,946
734,949
726,952
715,955
709,954
702,953
694,952
687,951
678,950
667,950
659,951
651,951
641,950
632,949
624,948
617,947
611,944
602,941
592,936
583,934
574,932
569,931
564,929
558,928
551,923
545,920
539,920
533,920
524,922
516,928
514,927
513,925
511,924
518,921
526,917
531,917
532,918
535,919
538,920
543,920
549,919
555,918
566,920
571,921
579,924
587,927
592,930
605,930
608,935
612,937
619,939
630,941
641,941
654,942
661,946
668,949
676,950
682,951
688,952
694,951
699,950
704,949
709,947
715,945
722,945
731,944
739,943
744,941
752,937
757,934
762,930
767,925
773,919
782,910
788,904
793,901
798,899
802,896
806,889
810,883
812,876
816,868
819,862
821,854
823,847
825,842
826,834
828,826
829,819
829,812
830,805
831,796
830,787
830,779
830,773
832,766
834,758
834,746
835,735
835,727
835,720
835,711
835,705
835,698
835,692
835,682
835,672
834,662
833,652
831,646
830,640
830,632
830,626
831,621
832,614
834,606
836,597
838,589
838,583
839,578
840,574
840,569
840,566
841,561
840,558
840,552
839,550
838,545
836,542
832,535
830,530
829,524
832,504
828,499
819,489
815,485
807,503
803,501
800,497
796,492
793,489
789,487
785,485
781,485
777,485
773,486
768,486
765,487
761,486
757,484
753,477
750,478
745,476
740,475
735,475
729,474
722,476
717,477
713,477
709,479
705,480
700,481
696,481
692,480
687,480
682,480
677,481
671,481
668,487
663,486
658,486
653,487
649,488
644,489
639,491
633,492
628,494
623,493
620,494
616,492
614,492
610,492
608,488
606,487
605,487
604,484
604,485
599,484
587,473
606,498
607,500
616,508
615,501
618,500
620,498
624,496
630,496
635,495
640,499
647,497
647,491
644,486
650,485
655,486
663,487
670,489
675,490
681,491
686,491
690,491
694,489
699,487
703,487
708,487
713,487
718,488
723,489
729,490
735,490
740,490
745,489
751,487
756,486
762,486
767,487
773,488
777,488
783,489
789,490
796,487
808,480
815,479
819,480
822,482
825,482
827,482
832,483
834,484
835,484
837,484
843,482
849,481
854,479
858,478
860,476
863,477
865,479
873,482
878,482
880,482
885,481
889,480
892,479
891,477
893,475
894,473
899,472
907,473
912,473
920,473
926,474
932,474
936,474
942,472
951,469
957,469
962,468
969,469
974,470
978,469
982,470
986,471
990,470
995,471
1000,468
999,469
996,471
998,470
1001,472
1005,473
1007,474
1029,457
1030,457
1030,458
1031,458
1031,457
1031,457
1031,459
1027,462
1022,464
1018,467
1015,468
1012,471
1008,472
993,482
984,486
983,485
981,483
981,482
983,482
983,480
982,478
980,477
979,474
974,474
971,474
963,476
957,477
952,476
947,475
932,477
927,476
922,475
916,475
907,476
900,477
895,475
893,472
890,470
888,468
884,466
879,467
872,467
866,466
860,466
856,469
850,471
846,471
842,471
838,470
829,474
825,475
821,476
817,476
811,479
805,481
799,482
795,482
790,483
783,483
777,485
772,486
767,486
762,487
757,488
750,489
746,489
740,488
733,486
725,484
716,482
709,482
701,484
696,487
691,489
687,490
682,489
679,489
674,491
670,493
664,495
662,495
658,494
654,492
644,482
640,480
635,479
631,478
626,475
623,474
621,474
620,475
619,475
619,474
619,472
621,472
625,477
625,474
626,474
628,475
630,475
632,475
635,479
637,480
640,485
644,487
648,488
651,489
654,490
658,489
662,489
667,487
672,485
677,483
680,483
684,482
688,482
692,482
698,482
704,482
710,482
717,481
722,479
730,477
735,475
740,474
744,474
749,475
754,475
759,477
765,478
770,480
777,481
782,483
786,484
791,488
795,493
799,497
802,500
805,504
808,507
810,509
813,512
816,514
819,516
822,518
824,521
826,523
828,526
829,529
831,535
832,539
832,544
833,551
836,555
837,560
839,565
839,571
839,578
839,585
838,591
837,598
836,607
834,616
833,624
833,633
833,647
833,656
832,667
832,678
831,690
831,699
829,708
827,717
827,726
826,734
825,742
824,753
822,767
820,775
819,783
817,790
815,802
810,817
810,826
809,833
809,840
807,846
806,852
804,859
801,869
798,875
795,880
791,886
785,894
779,901
773,907
770,913
766,918
761,924
755,928
748,933
742,940
735,944
730,945
725,946
719,948
714,949
708,951
697,952
689,952
683,950
676,950
665,949
657,947
649,947
643,947
635,945
628,944
620,940
605,935
599,935
590,934
583,932
576,930
567,927
561,924
555,921
548,920
543,921
536,921
531,921
528,918
526,923
523,924
514,927
511,923
511,924
508,923
520,914
523,913
521,916
519,917
527,917
527,918
529,919
530,920
534,920
537,919
545,919
555,918
565,917
568,919
570,921
575,922
582,927
583,929
592,931
596,932
602,933
608,934
616,933
625,931
634,931
639,934
652,941
658,942
664,943
670,943
676,941
682,939
687,938
696,937
700,939
706,941
712,941
719,939
730,937
733,936
738,934
745,931
751,928
757,925
764,923
771,919
779,916
783,916
787,915
791,912
793,906
796,903
801,895
803,890
806,885
809,880
811,875
813,866
814,860
816,854
818,849
818,838
818,831
819,824
821,817
823,809
825,801
827,793
826,786
826,775
827,766
826,752
826,743
826,735
826,725
826,716
826,708
826,699
825,693
825,687
824,680
822,671
822,661
822,654
822,644
823,637
824,630
823,621
823,613
823,607
823,603
823,598
824,594
825,589
825,583
826,578
827,572
826,567
822,563
822,558
820,553
818,547
816,540
812,534
806,524
803,517
801,509
797,504
793,499
789,497
784,496
780,495
776,493
772,491
767,489
761,487
757,485
752,482
747,481
743,481
739,480
733,482
725,482
715,484
709,486
703,488
699,488
694,493
688,492
681,490
675,489
670,488
665,487
661,486
656,488
650,492
646,492
642,491
636,486
630,481
628,480
626,478
624,473
625,473
624,473
624,475
625,476
628,475
631,475
638,475
641,476
644,476
648,478
654,480
659,480
665,480
673,480
679,478
688,476
694,475
700,474
705,473
711,472
721,471
729,471
740,472
748,470
758,468
765,466
772,466
779,466
785,466
793,467
802,467
808,468
815,467
819,467
822,467
827,466
831,468
836,469
843,469
851,470
855,470
863,473
872,474
878,475
884,474
887,472
883,471
893,469
892,470
897,469
902,471
906,471
913,471
918,472
926,474
930,472
937,469
944,468
950,468
955,469
957,469
962,471
966,472
970,471
972,472
978,469
981,469
981,468
981,468
979,470
975,470
974,468
971,471
967,473
967,474
966,475
965,475
965,473
963,472
961,471
957,469
949,470
947,468
944,469
940,468
935,468
930,469
925,469
921,468
918,467
914,467
910,467
907,466
901,466
897,467
886,469
883,470
882,470
878,470
875,468
873,465
868,460
863,458
860,456
855,456
850,457
847,461
843,464
843,468
840,470
835,475
834,476
833,474
832,476
830,480
829,483
828,486
827,490
826,495
824,501
822,508
822,513
822,516
822,519
821,527
822,531
821,537
821,543
821,549
820,556
819,565
819,574
819,584
820,598
822,609
823,620
825,632
825,643
824,654
822,667
819,683
820,696
820,705
821,715
821,725
821,736
821,747
820,757
819,765
820,775
820,784
821,796
821,802
820,811
819,821
818,830
815,837
815,843
815,849
815,857
813,867
811,875
810,881
808,887
806,892
805,897
801,903
797,909
794,917
790,923
780,935
775,940
770,945
767,947
762,949
757,950
751,951
745,952
733,954
726,956
717,959
711,960
704,958
696,954
684,950
672,951
664,951
657,949
648,950
639,949
632,952
624,951
617,948
610,947
604,945
597,941
590,938
584,937
576,935
568,930
561,925
556,922
553,922
551,925
547,926
541,928
531,932
529,928
526,927
530,924
534,923
533,924
531,925
530,926
538,928
539,929
543,929
548,928
554,927
560,928
566,928
574,928
581,931
587,934
592,936
599,937
612,934
622,933
628,934
631,937
638,938
651,943
661,943
668,945
675,946
681,948
685,948
689,950
694,950
700,949
706,948
714,946
721,946
729,946
736,947
747,944
752,942
756,939
762,935
768,930
778,921
785,917
790,912
796,913
800,910
804,906
807,895
810,888
811,883
814,878
816,871
817,862
818,851
823,846
824,833
825,825
824,815
824,804
823,792
824,781
824,772
824,762
824,750
824,738
824,726
824,709
824,700
824,692
823,683
822,672
820,662
818,650
817,640
815,630
814,616
813,608
812,601
811,593
811,584
812,576
813,567
814,558
814,550
814,546
813,541
814,534
816,528
817,522
817,515
818,507
819,498
820,493
821,489
824,481
827,481
833,480
830,478
833,476
836,477
841,480
852,477
858,476
866,478
877,476
883,474
880,472
885,471
893,470
899,470
905,471
910,471
916,471
924,472
933,469
938,470
946,469
953,468
957,468
963,469
967,470
972,470
977,473
980,474
984,476
990,477
1002,471
1014,463
1015,464
1008,470
1008,471
1006,472
1002,473
1004,470
1005,468
1002,469
999,469
999,470
994,471
991,470
988,471
986,470
986,468
980,469
978,468
974,470
971,469
966,468
961,469
955,469
948,471
936,473
929,474
922,474
916,473
910,472
904,472
898,471
893,470
890,471
885,473
886,470
877,475
869,474
870,474
868,472
863,472
858,474
853,478
848,481
842,487
838,492
834,498
832,503
831,506
830,510
828,516
826,522
825,527
824,533
822,540
821,549
821,560
821,565
822,571
824,578
826,588
827,597
827,607
828,621
827,637
826,652
826,662
825,674
826,686
825,700
825,716
824,733
825,743
826,753
825,761
826,768
826,777
826,785
827,795
828,803
827,810
827,817
827,825
826,837
825,844
823,851
819,860
815,868
813,875
811,882
809,889
805,896
802,904
799,915
789,927
784,931
779,934
774,938
769,941
764,944
759,946
752,950
743,953
736,953
728,953
721,952
713,952
705,951
696,948
687,946
680,945
667,945
658,944
649,943
633,938
627,938
620,938
613,936
606,936
597,934
585,929
580,928
569,920
564,920
559,919
552,918
547,920
540,923
528,930
530,926
523,926
519,926
521,922
523,924
524,925
522,926
526,927
529,926
532,926
535,927
540,927
546,925
554,924
560,924
565,924
573,924
582,927
588,929
593,932
608,928
613,930
615,936
622,936
633,936
645,938
659,937
667,939
684,934
687,935
693,936
696,938
702,937
709,937
717,937
726,936
736,935
746,933
753,930
763,926
769,921
779,911
785,907
790,902
796,897
799,891
803,876
808,872
811,863
812,855
811,846
816,836
822,823
823,809
823,797
823,784
825,775
826,766
827,746
827,731
828,720
831,709
832,698
832,688
833,672
826,669
827,652
821,635
823,621
823,608
820,597
818,589
816,581
815,576
815,569
814,562
815,554
817,544
818,533
817,529
819,525
821,522
823,516
825,511
828,504
830,499
833,495
837,486
838,482
842,481
846,479
850,477
854,477
857,478
867,480
872,473
879,471
884,469
888,468
892,469
902,469
908,468
916,468
925,468
935,467
944,470
949,470
954,471
960,472
964,474
977,468
980,466
984,466
988,467
992,467
994,467
996,467
997,470
998,471
997,470
994,468
1000,460
995,462
989,468
988,471
984,474
973,477
973,476
969,475
966,474
962,473
957,472
947,470
944,470
939,471
931,471
920,473
912,474
897,475
891,475
888,475
885,476
879,476
877,475
868,473
847,474
844,472
847,467
843,468
831,476
823,477
815,479
808,479
800,478
790,478
781,477
772,479
764,481
751,485
745,486
733,488
726,486
718,487
706,489
693,493
685,492
677,491
670,492
664,492
658,493
651,494
646,494
638,498
633,498
629,496
627,495
624,492
623,496
626,500
629,498
633,499
641,501
646,500
660,501
657,489
660,487
664,482
667,481
673,482
679,484
684,485
692,486
701,487
709,483
719,481
731,481
742,482
749,484
756,486
766,492
774,496
781,498
789,500
797,502
803,506
813,513
820,523
823,528
825,534
828,538
831,544
833,549
834,555
833,571
835,581
837,594
839,617
839,628
840,640
840,653
838,667
839,675
836,690
837,700
838,711
838,728
838,741
832,755
831,764
832,774
833,785
833,796
833,809
831,816
830,824
824,841
824,850
823,859
820,869
818,878
815,885
812,893
809,899
800,908
795,917
790,925
784,929
776,939
769,943
758,946
754,946
746,948
739,949
731,950
724,952
711,948
701,951
690,950
681,948
669,946
656,944
648,945
639,943
633,946
614,936
605,935
597,935
590,933
577,926
570,924
565,924
559,923
549,922
544,920
539,919
538,922
533,922
522,925
520,925
519,922
521,921
527,918
526,917
532,917
536,916
539,916
544,916
555,913
560,913
570,916
575,917
580,920
586,924
595,923
603,924
609,929
616,930
624,931
634,930
655,935
665,935
669,937
676,939
685,940
691,941
701,942
708,942
716,941
725,938
734,936
747,936
752,934
763,927
769,922
780,911
784,906
788,892
793,888
798,884
803,878
809,862
811,852
813,843
817,834
819,825
822,813
824,795
824,786
823,776
823,766
823,756
822,737
822,722
822,706
823,695
823,685
824,675
823,666
822,654
817,639
817,627
816,619
813,606
811,598
806,588
805,583
805,577
804,570
805,562
806,553
806,544
807,536
808,531
809,527
809,524
811,519
813,513
814,507
817,504
820,497
824,490
829,484
831,483
835,481
838,479
841,477
839,481
850,477
858,475
869,476
878,475
877,474
882,472
887,471
895,470
903,469
920,468
928,469
936,469
943,469
949,469
957,470
964,470
971,470
976,472
982,473
986,474
1017,455
1022,458
1027,461
1031,464
